filename,native_um_px,scale_factor,out_w,out_h,n_cells,seconds,status
BV3LU01-01-1.png,2.271,1.0000,3168,2448,1438,149,ok
BV3LU01-01-2.png,2.271,1.0000,3168,2448,1521,112,ok
BV3LU01-01-3.png,2.271,1.0000,3168,2448,1922,109,ok
BV3LU01-01-4.png,2.271,1.0000,3168,2448,1364,108,ok
BV3LU01-01-5.png,2.271,1.0000,3168,2448,1533,111,ok
BV3LU01-02-1.png,2.271,1.0000,3168,2448,1709,108,ok
BV3LU01-02-2.png,2.271,1.0000,3168,2448,1901,108,ok
BV3LU01-02-3.png,2.271,1.0000,3168,2448,1078,114,ok
BV3LU01-02-4.png,2.271,1.0000,3168,2448,1013,112,ok
BV3LU01-02-5.png,2.271,1.0000,3168,2448,1598,116,ok
BV3LU02-01-1.png,2.271,1.0000,3168,2448,921,117,ok
BV3LU02-01-2.png,2.271,1.0000,3168,2448,504,120,ok
BV3LU02-01-3.png,2.271,1.0000,3168,2448,1211,109,ok
BV3LU02-01-4.png,2.271,1.0000,3168,2448,1457,109,ok
BV3LU02-01-5.png,2.271,1.0000,3168,2448,971,115,ok
BV3LU02-02-1.png,2.271,1.0000,3168,2448,1135,117,ok
BV3LU02-02-2.png,2.271,1.0000,3168,2448,1732,106,ok
BV3LU02-02-3.png,2.271,1.0000,3168,2448,887,116,ok
BV3LU02-02-4.png,2.271,1.0000,3168,2448,1797,107,ok
BV3LU02-02-5.png,2.271,1.0000,3168,2448,1360,107,ok
BV3LU03-01-1.png,2.271,1.0000,3168,2448,581,120,ok
BV3LU03-01-2.png,2.271,1.0000,3168,2448,678,119,ok
BV3LU03-01-3.png,2.271,1.0000,3168,2448,988,115,ok
BV3LU03-01-4.png,2.271,1.0000,3168,2448,776,119,ok
BV3LU03-01-5.png,2.271,1.0000,3168,2448,1048,120,ok
BV3LU03-02-1.png,2.271,1.0000,3168,2448,353,106,ok
BV3LU03-02-2.png,2.271,1.0000,3168,2448,260,121,ok
BV3LU03-02-3.png,2.271,1.0000,3168,2448,426,117,ok
BV3LU03-02-4.png,2.271,1.0000,3168,2448,429,116,ok
BV3LU03-02-5.png,2.271,1.0000,3168,2448,356,118,ok
BV3LU03-03-1.png,2.271,1.0000,3168,2448,1354,116,ok
BV3LU03-03-3.png,2.271,1.0000,3168,2448,717,118,ok
BV3LU03-03-4.png,2.271,1.0000,3168,2448,1098,119,ok
BV3LU03-03-5.png,2.271,1.0000,3168,2448,1281,118,ok
BVLX-01-1.png,2.271,1.0000,3168,2448,609,119,ok
BVLX-01-2.png,2.271,1.0000,3168,2448,473,121,ok
BVLX-01-3.png,2.271,1.0000,3168,2448,684,116,ok
BVLX-01-4.png,2.271,1.0000,3168,2448,956,116,ok
BVLX-01-5.png,2.271,1.0000,3168,2448,752,115,ok
BVLX-02-1.png,2.271,1.0000,3168,2448,1165,108,ok
BVLX-02-2.png,2.271,1.0000,3168,2448,1726,110,ok
BVLX-02-3.png,2.271,1.0000,3168,2448,406,116,ok
BVLX-02-4.png,2.271,1.0000,3168,2448,586,116,ok
BVLX-02-5.png,2.271,1.0000,3168,2448,1338,118,ok
LLCR02-01-1.png,2.271,1.0000,3168,2448,1482,117,ok
LLCR02-01-2.png,2.271,1.0000,3168,2448,1409,115,ok
LLCR02-01-3.png,2.271,1.0000,3168,2448,1590,115,ok
LLCR02-01-4.png,2.271,1.0000,3168,2448,1493,111,ok
LLCR02-01-5.png,2.271,1.0000,3168,2448,1795,114,ok
LLCR02-02-1.png,2.271,1.0000,3168,2448,1296,107,ok
LLCR02-02-2.png,2.271,1.0000,3168,2448,1337,111,ok
LLCR02-02-3.png,2.271,1.0000,3168,2448,1413,106,ok
LLCR02-02-4.png,2.271,1.0000,3168,2448,1224,110,ok
LLCR02-02-5.png,2.271,1.0000,3168,2448,1272,112,ok
LLCR03-01-1.png,2.271,1.0000,3168,2448,1414,118,ok
LLCR03-01-2.png,2.271,1.0000,3168,2448,1418,116,ok
LLCR03-01-3.png,2.271,1.0000,3168,2448,734,112,ok
LLCR03-01-4.png,2.271,1.0000,3168,2448,464,108,ok
LLCR03-01-5.png,2.271,1.0000,3168,2448,638,118,ok
LLCR03-02-1.png,2.271,1.0000,3168,2448,1371,111,ok
LLCR03-02-2.png,2.271,1.0000,3168,2448,1427,114,ok
LLCR03-02-3.png,2.271,1.0000,3168,2448,607,118,ok
LLCR03-02-4.png,2.271,1.0000,3168,2448,1201,110,ok
LLCR03-02-5.png,2.271,1.0000,3168,2448,832,116,ok
LLCR03-03-1.png,2.271,1.0000,3168,2448,1209,118,ok
LLCR03-03-2.png,2.271,1.0000,3168,2448,1350,116,ok
LLCR03-03-3.png,2.271,1.0000,3168,2448,871,116,ok
LLCR03-03-4.png,2.271,1.0000,3168,2448,1149,116,ok
LLCR03-03-5.png,2.271,1.0000,3168,2448,2118,113,ok
LLCR05-01-1.png,2.271,1.0000,3168,2448,929,116,ok
LLCR05-01-2.png,2.271,1.0000,3168,2448,986,118,ok
LLCR05-01-3.png,2.271,1.0000,3168,2448,1115,112,ok
LLCR05-01-4.png,2.271,1.0000,3168,2448,666,114,ok
LLCR05-01-5.png,2.271,1.0000,3168,2448,846,117,ok
LLCR05-02-1.png,2.271,1.0000,3168,2448,1561,108,ok
LLCR05-02-2.png,2.271,1.0000,3168,2448,1764,106,ok
LLCR05-02-3.png,2.271,1.0000,3168,2448,556,120,ok
LLCR05-02-4.png,2.271,1.0000,3168,2448,788,116,ok
LLCR05-02-5.png,2.271,1.0000,3168,2448,754,118,ok
OGLU2A-01-1.png,2.7298,1.2020,1983,1533,548,47,ok
OGLU2A-01-2.png,2.7298,1.2020,1983,1533,675,47,ok
OGLU2A-01-3.png,2.7298,1.2020,1983,1533,714,46,ok
OGLU2A-01-4.png,2.7298,1.2020,1983,1533,306,47,ok
OGLU2A-01-5.png,2.7298,1.2020,1983,1533,615,47,ok
OGLU2A-02-1.png,2.7298,1.2020,1983,1533,667,46,ok
OGLU2A-02-2.png,2.7298,1.2020,1983,1533,651,45,ok
OGLU2A-03-3.png,2.7298,1.2020,1983,1533,700,47,ok
OGLU2A-04-4.png,2.7298,1.2020,1983,1533,679,46,ok
OGLU2A-05-5.png,2.7298,1.2020,1983,1533,775,47,ok
OGLU2B-01-1.png,2.7298,1.2020,1983,1533,421,48,ok
OGLU2B-01-2.png,2.7298,1.2020,1983,1533,491,48,ok
OGLU2B-01-3.png,2.7298,1.2020,1983,1533,751,46,ok
OGLU2B-01-4.png,2.7298,1.2020,1983,1533,684,47,ok
OGLU2B-01-5.png,2.7298,1.2020,1983,1533,413,48,ok
OGLU2B-02-1.png,2.7298,1.2020,1983,1533,598,46,ok
OGLU2B-02-2.png,2.7298,1.2020,1983,1533,759,46,ok
OGLU2B-02-3.png,2.7298,1.2020,1983,1533,475,48,ok
OGLU2B-02-4.png,2.7298,1.2020,1983,1533,679,46,ok
OGLU2B-02-5.png,2.7298,1.2020,1983,1533,889,46,ok
OGLU2B-03-1.png,2.7298,1.2020,1983,1533,360,50,ok
OGLU2B-03-2.png,2.7298,1.2020,1983,1533,627,49,ok
OGLU2B-03-3.png,2.7298,1.2020,1983,1533,486,49,ok
OGLU2B-03-4.png,2.7298,1.2020,1983,1533,617,50,ok
OGLU2B-03-5.png,2.7298,1.2020,1983,1533,563,48,ok
OGLU3B-01-1.png,2.7298,1.2020,1983,1533,1100,47,ok
OGLU3B-01-2.png,2.7298,1.2020,1983,1533,864,47,ok
OGLU3B-01-3.png,2.7298,1.2020,1983,1533,1068,47,ok
OGLU3B-01-4.png,2.7298,1.2020,1983,1533,967,47,ok
OGLU3B-01-5.png,2.7298,1.2020,1983,1533,1034,47,ok
RGLL03-01-1.png,2.7298,1.2020,1983,1533,447,47,ok
RGLL03-01-2.png,2.7298,1.2020,1983,1533,480,45,ok
RGLL03-01-3.png,2.7298,1.2020,1983,1533,662,46,ok
RGLL03-01-4.png,2.7298,1.2020,1983,1533,408,47,ok
RGLL03-01-5.png,2.7298,1.2020,1983,1533,405,49,ok
RGLL03-02-1.png,2.7298,1.2020,1983,1533,440,47,ok
RGLL03-02-2.png,2.7298,1.2020,1983,1533,529,46,ok
RGLL03-02-3.png,2.7298,1.2020,1983,1533,620,47,ok
RGLL03-02-4.png,2.7298,1.2020,1983,1533,584,46,ok
RGLL03-02-5.png,2.7298,1.2020,1983,1533,548,46,ok
RGLL03-03-1.png,2.7298,1.2020,1983,1533,601,48,ok
RGLL03-03-2.png,2.7298,1.2020,1983,1533,477,49,ok
RGLL03-03-3.png,2.7298,1.2020,1983,1533,482,47,ok
RGLL03-03-4.png,2.7298,1.2020,1983,1533,612,47,ok
RGLL03-03-5.png,2.7298,1.2020,1983,1533,558,49,ok
RGLU05-01-1.png,2.7298,1.2020,1983,1533,932,47,ok
RGLU05-01-2.png,2.7298,1.2020,1983,1533,950,47,ok
RGLU05-01-3.png,2.7298,1.2020,1983,1533,911,47,ok
RGLU05-01-4.png,2.7298,1.2020,1983,1533,936,46,ok
RGLU05-01-5.png,2.7298,1.2020,1983,1533,895,47,ok
RGLU05-02-1.png,2.7298,1.2020,1983,1533,884,47,ok
RGLU05-02-2.png,2.7298,1.2020,1983,1533,849,46,ok
RGLU05-02-3.png,2.7298,1.2020,1983,1533,777,48,ok
RGLU05-02-4.png,2.7298,1.2020,1983,1533,772,45,ok
RGLU05-02-5.png,2.7298,1.2020,1983,1533,741,47,ok
RGLU06-01-1.png,2.7298,1.2020,1983,1533,456,49,ok
RGLU06-01-2.png,2.7298,1.2020,1983,1533,216,51,ok
RGLU06-01-3.png,2.7298,1.2020,1983,1533,554,47,ok
RGLU06-01-4.png,2.7298,1.2020,1983,1533,599,47,ok
RGLU06-01-5.png,2.7298,1.2020,1983,1533,696,46,ok
RGLU06-02-1.png,2.7298,1.2020,1983,1533,277,52,ok
RGLU06-02-2.png,2.7298,1.2020,1983,1533,582,50,ok
RGLU06-02-3.png,2.7298,1.2020,1983,1533,287,52,ok
RGLU06-02-4.png,2.7298,1.2020,1983,1533,1053,46,ok
RGLU06-02-5.png,2.7298,1.2020,1983,1533,307,52,ok
RGLU06-03-1.png,2.7298,1.2020,1983,1533,272,46,ok
RGLU06-03-2.png,2.7298,1.2020,1983,1533,186,50,ok
RGLU06-03-3.png,2.7298,1.2020,1983,1533,209,51,ok
RGLU06-03-4.png,2.7298,1.2020,1983,1533,239,47,ok
RGLU06-03-5.png,2.7298,1.2020,1983,1533,231,51,ok
RGLU06-04-1.png,2.7298,1.2020,1983,1533,421,50,ok
RGLU06-04-2.png,2.7298,1.2020,1983,1533,543,49,ok
RGLU06-04-3.png,2.7298,1.2020,1983,1533,1255,45,ok
RGLU06-04-4.png,2.7298,1.2020,1983,1533,799,49,ok
RGLU06-04-5.png,2.7298,1.2020,1983,1533,762,47,ok
RGLU06-05-1.png,2.7298,1.2020,1983,1533,250,48,ok
RGLU06-05-2.png,2.7298,1.2020,1983,1533,275,46,ok
RGLU06-05-3.png,2.7298,1.2020,1983,1533,270,50,ok
RGLU06-05-4.png,2.7298,1.2020,1983,1533,228,50,ok
RGLU06-05-5.png,2.7298,1.2020,1983,1533,263,48,ok
RGLU06-06-1.png,2.7298,1.2020,1983,1533,857,48,ok
RGLU06-06-2.png,2.7298,1.2020,1983,1533,888,49,ok
RGLU06-06-3.png,2.7298,1.2020,1983,1533,882,48,ok
RGLU06-06-4.png,2.7298,1.2020,1983,1533,901,46,ok
RGLU06-06-5.png,2.7298,1.2020,1983,1533,879,50,ok
