filename,n_grains,median_ecd_count_mm,meanw_ecd_area_mm,count_Medplus_pct,count_Fine_pct,count_VFine_pct,count_Silt_pct,area_Medplus_pct,area_Fine_pct,area_VFine_pct,area_Silt_pct
BV3LU01-01-1_2271_cp_masks.png,1373,0.0876,0.1608,0.7,20.2,56.4,22.7,6.9,46.1,42.1,4.9
BV3LU01-01-2_2271_cp_masks.png,1450,0.0868,0.1647,0.8,16.4,60.5,22.3,7.9,39.2,47.6,5.2
BV3LU01-01-3_2271_cp_masks.png,1848,0.0778,0.1303,0.3,9.6,60.4,29.8,3.4,27.7,59.7,9.1
BV3LU01-01-4_2271_cp_masks.png,1316,0.0867,0.1559,0.7,20.1,54.2,25.1,5.9,47.4,41.1,5.5
BV3LU01-01-5_2271_cp_masks.png,1468,0.0823,0.158,0.5,13.6,59.3,26.5,6.6,35.6,51.1,6.8
BV3LU01-02-1_2271_cp_masks.png,1639,0.0803,0.1574,0.6,13.5,56.5,29.4,7.0,37.1,48.1,7.7
BV3LU01-02-2_2271_cp_masks.png,1813,0.0767,0.155,0.7,10.5,55.9,32.8,8.0,32.2,50.9,8.9
BV3LU01-02-3_2271_cp_masks.png,1016,0.0884,0.262,3.7,20.7,49.4,26.2,32.5,36.6,27.1,3.8
BV3LU01-02-4_2271_cp_masks.png,964,0.0918,0.2541,3.7,21.5,54.7,20.1,31.1,36.9,28.8,3.2
BV3LU01-02-5_2271_cp_masks.png,1531,0.0735,0.2767,2.2,7.9,57.0,32.9,33.8,18.9,39.9,7.4
BV3LU02-01-1_2271_cp_masks.png,873,0.0785,0.3098,8.6,22.5,29.3,39.6,52.0,33.2,11.2,3.6
BV3LU02-01-2_2271_cp_masks.png,473,0.1059,0.3972,17.8,22.0,45.9,14.4,73.7,16.1,9.4,0.9
BV3LU02-01-3_2271_cp_masks.png,1137,0.0882,0.2015,3.1,24.4,44.6,28.0,20.6,48.8,26.6,4.0
BV3LU02-01-4_2271_cp_masks.png,1388,0.0775,0.1978,2.2,15.0,47.5,35.4,20.7,36.9,35.6,6.8
BV3LU02-01-5_2271_cp_masks.png,920,0.0917,0.2807,7.2,21.0,46.1,25.8,44.8,31.8,20.5,2.9
BV3LU02-02-1_2271_cp_masks.png,1092,0.0889,0.2952,5.0,17.1,54.5,23.4,42.0,27.8,26.9,3.3
BV3LU02-02-2_2271_cp_masks.png,1657,0.0844,0.136,0.4,16.0,59.3,24.3,3.2,40.4,50.7,5.7
BV3LU02-02-3_2271_cp_masks.png,829,0.0966,0.2835,7.0,26.1,49.1,17.9,42.1,35.7,20.1,2.1
BV3LU02-02-4_2271_cp_masks.png,1704,0.0801,0.1453,0.4,18.5,46.4,34.7,3.0,49.4,40.3,7.2
BV3LU02-02-5_2271_cp_masks.png,1281,0.0905,0.1658,1.2,22.4,54.3,22.1,7.8,51.2,36.8,4.2
BV3LU03-01-1_2271_cp_masks.png,526,0.1161,0.3389,14.6,30.8,39.5,15.0,59.8,28.3,10.6,1.2
BV3LU03-01-2_2271_cp_masks.png,633,0.1056,0.3189,13.7,28.0,37.1,21.2,58.1,30.0,10.2,1.8
BV3LU03-01-3_2271_cp_masks.png,915,0.0767,0.2702,5.0,19.8,36.2,39.0,37.9,37.7,19.0,5.4
BV3LU03-01-4_2271_cp_masks.png,713,0.1091,0.2821,12.1,31.0,36.9,20.1,47.8,38.9,11.6,1.8
BV3LU03-01-5_2271_cp_masks.png,975,0.0723,0.3169,6.1,11.9,42.9,39.2,51.7,21.6,21.2,5.5
BV3LU03-02-1_2271_cp_masks.png,305,0.0867,0.3746,9.2,23.9,30.5,36.4,58.2,29.0,9.8,2.9
BV3LU03-02-2_2271_cp_masks.png,227,0.1412,0.4027,20.7,39.2,33.0,7.0,66.2,27.3,6.1,0.4
BV3LU03-02-3_2271_cp_masks.png,387,0.1027,0.3682,17.6,24.8,29.2,28.4,69.6,22.0,6.8,1.5
BV3LU03-02-4_2271_cp_masks.png,386,0.117,0.331,13.0,33.9,39.6,13.5,54.6,33.1,11.2,1.0
BV3LU03-02-5_2271_cp_masks.png,325,0.1235,0.4015,18.5,29.8,37.5,14.2,68.4,22.4,8.3,0.9
BV3LU03-03-1_2271_cp_masks.png,1273,0.0763,0.2412,3.0,12.5,49.6,35.0,31.1,27.6,34.4,6.9
BV3LU03-03-3_2271_cp_masks.png,653,0.0776,0.3614,7.0,12.4,46.7,33.8,59.2,17.2,19.5,4.0
BV3LU03-03-4_2271_cp_masks.png,1035,0.0742,0.3097,3.7,12.5,46.2,37.7,41.4,26.3,26.4,5.9
BV3LU03-03-5_2271_cp_masks.png,1201,0.0709,0.293,2.7,12.3,45.5,39.5,37.0,26.8,28.7,7.5
BVLX-01-1_2271_cp_masks.png,578,0.1013,0.3432,17.0,22.7,41.9,18.5,68.3,20.8,9.6,1.2
BVLX-01-2_2271_cp_masks.png,441,0.1104,0.3588,23.1,22.0,39.5,15.4,75.3,16.6,7.4,0.8
BVLX-01-3_2271_cp_masks.png,632,0.1142,0.2935,11.1,31.2,43.4,14.4,49.7,34.4,14.5,1.4
BVLX-01-4_2271_cp_masks.png,887,0.0909,0.283,7.4,20.9,52.1,19.6,45.8,30.7,21.3,2.2
BVLX-01-5_2271_cp_masks.png,699,0.0943,0.31,11.2,24.0,41.3,23.5,56.7,28.2,13.0,2.1
BVLX-02-1_2271_cp_masks.png,1092,0.0909,0.1911,2.7,24.5,46.1,26.6,17.1,51.0,27.8,4.1
BVLX-02-2_2271_cp_masks.png,1610,0.0779,0.1672,0.8,15.0,50.4,33.8,9.1,40.8,42.3,7.9
BVLX-02-3_2271_cp_masks.png,376,0.1157,0.372,27.1,18.4,38.6,16.0,80.2,12.1,6.9,0.8
BVLX-02-4_2271_cp_masks.png,552,0.0916,0.3543,17.8,18.5,33.9,29.9,73.1,16.9,8.2,1.8
BVLX-02-5_2271_cp_masks.png,1250,0.0807,0.2615,4.2,13.9,52.9,29.0,38.0,27.9,29.6,4.5
LLCR02-01-1_2271_cp_masks.png,1423,0.0872,0.1916,2.2,23.8,48.2,25.8,15.8,49.3,30.1,4.8
LLCR02-01-2_2271_cp_masks.png,1333,0.0908,0.1913,2.6,25.1,47.7,24.6,16.6,51.4,27.9,4.0
LLCR02-01-3_2271_cp_masks.png,1531,0.0822,0.204,2.5,17.9,48.4,31.2,21.1,39.8,33.2,6.0
LLCR02-01-4_2271_cp_masks.png,1445,0.0805,0.2136,2.7,17.2,52.0,28.1,23.8,38.1,32.9,5.2
LLCR02-01-5_2271_cp_masks.png,1733,0.0678,0.2339,2.3,11.5,43.7,42.5,27.5,31.2,32.8,8.6
LLCR02-02-1_2271_cp_masks.png,1273,0.0819,0.1827,1.9,21.9,44.0,32.2,13.5,52.4,28.7,5.4
LLCR02-02-2_2271_cp_masks.png,1268,0.0795,0.1853,2.2,20.0,42.6,35.2,16.6,47.3,29.9,6.2
LLCR02-02-3_2271_cp_masks.png,1367,0.085,0.1733,1.8,19.7,50.0,28.5,12.6,46.5,35.5,5.4
LLCR02-02-4_2271_cp_masks.png,1205,0.0865,0.194,1.9,21.6,51.9,24.6,15.5,45.9,33.7,4.8
LLCR02-02-5_2271_cp_masks.png,1248,0.0892,0.1945,1.8,24.4,53.9,19.9,14.1,50.0,32.2,3.7
LLCR03-01-1_2271_cp_masks.png,1380,0.0673,0.3348,3.1,10.0,42.2,44.6,43.5,21.4,27.4,7.7
LLCR03-01-2_2271_cp_masks.png,1383,0.0723,0.298,1.8,12.7,45.5,40.0,31.1,29.2,32.5,7.3
LLCR03-01-3_2271_cp_masks.png,716,0.0893,0.323,4.9,17.0,57.5,20.5,46.3,24.2,26.6,2.9
LLCR03-01-4_2271_cp_masks.png,446,0.0927,0.2941,5.2,23.3,49.6,22.0,41.3,34.1,21.6,3.0
LLCR03-01-5_2271_cp_masks.png,618,0.1115,0.3578,10.4,30.4,46.6,12.6,54.3,30.4,14.2,1.1
LLCR03-02-1_2271_cp_masks.png,1349,0.0905,0.1751,1.0,22.3,54.6,22.1,9.3,47.2,38.8,4.7
LLCR03-02-2_2271_cp_masks.png,1400,0.0841,0.2258,1.6,17.6,52.8,27.9,19.6,38.3,36.6,5.5
LLCR03-02-3_2271_cp_masks.png,582,0.1267,0.2867,8.2,42.6,43.0,6.2,37.7,47.0,14.6,0.7
LLCR03-02-4_2271_cp_masks.png,1178,0.0937,0.1822,2.0,22.2,57.8,18.0,13.4,46.7,36.4,3.5
LLCR03-02-5_2271_cp_masks.png,812,0.1003,0.2663,4.3,30.7,49.9,15.1,30.4,45.5,22.0,2.1
LLCR03-03-1_2271_cp_masks.png,1189,0.093,0.2023,1.1,24.0,54.9,20.0,11.0,47.9,37.0,4.0
LLCR03-03-2_2271_cp_masks.png,1300,0.0842,0.2353,2.0,19.9,46.5,31.6,20.9,42.6,31.1,5.3
LLCR03-03-3_2271_cp_masks.png,844,0.053,0.3827,6.8,11.5,23.1,58.6,63.3,19.7,11.1,5.8
LLCR03-03-4_2271_cp_masks.png,1088,0.0876,0.282,2.8,19.7,49.4,28.1,31.0,36.2,28.5,4.4
LLCR03-03-5_2271_cp_masks.png,2029,0.0745,0.1572,0.4,13.7,48.0,37.9,5.7,38.6,46.1,9.5
LLCR05-01-1_2271_cp_masks.png,875,0.107,0.2448,5.1,33.8,48.5,12.6,29.5,48.2,20.8,1.5
LLCR05-01-2_2271_cp_masks.png,937,0.1052,0.2619,6.2,31.6,47.4,14.8,34.9,43.8,19.7,1.7
LLCR05-01-3_2271_cp_masks.png,1065,0.1077,0.2045,2.7,36.0,47.0,14.3,16.7,57.5,23.6,2.1
LLCR05-01-4_2271_cp_masks.png,635,0.1267,0.2564,10.9,39.5,41.9,7.7,40.2,45.2,13.9,0.7
LLCR05-01-5_2271_cp_masks.png,795,0.1151,0.2641,7.4,35.8,44.8,11.9,37.3,44.5,17.0,1.3
LLCR05-02-1_2271_cp_masks.png,1522,0.0966,0.1418,0.3,26.6,56.0,17.1,1.8,53.1,41.5,3.6
LLCR05-02-2_2271_cp_masks.png,1725,0.0912,0.1351,0.3,15.9,64.9,18.9,2.5,37.1,55.9,4.6
LLCR05-02-3_2271_cp_masks.png,520,0.1288,0.3438,12.9,40.2,38.7,8.3,54.5,34.4,10.4,0.7
LLCR05-02-4_2271_cp_masks.png,737,0.1151,0.2751,9.0,33.8,45.0,12.2,41.5,41.1,16.2,1.3
LLCR05-02-5_2271_cp_masks.png,709,0.1181,0.2891,9.3,35.8,44.6,10.3,43.2,40.8,14.9,1.1
OGLU2A-01-1_2271_cp_masks.png,544,0.0928,0.194,3.3,27.6,47.1,22.1,18.7,52.5,25.1,3.7
OGLU2A-01-2_2271_cp_masks.png,667,0.0875,0.1691,2.1,23.1,49.5,25.3,12.9,49.6,32.5,5.0
OGLU2A-01-3_2271_cp_masks.png,704,0.0803,0.1587,1.0,19.3,48.9,30.8,6.8,49.9,36.4,6.9
OGLU2A-01-4_2271_cp_masks.png,303,0.1243,0.236,12.5,37.0,29.0,21.5,39.4,49.6,9.3,1.8
OGLU2A-01-5_2271_cp_masks.png,609,0.0883,0.1817,2.5,21.3,49.3,26.9,15.9,47.1,31.8,5.2
OGLU2A-02-1_2271_cp_masks.png,665,0.0801,0.1542,0.8,18.9,50.8,29.5,5.9,48.4,38.8,6.8
OGLU2A-02-2_2271_cp_masks.png,644,0.0829,0.1545,1.1,18.6,54.3,25.9,7.9,45.5,40.5,6.1
OGLU2A-03-3_2271_cp_masks.png,693,0.089,0.1465,0.6,24.4,50.9,24.1,3.9,53.3,37.7,5.1
OGLU2A-04-4_2271_cp_masks.png,676,0.0844,0.1585,0.7,24.6,48.7,26.0,5.3,55.7,33.3,5.6
OGLU2A-05-5_2271_cp_masks.png,772,0.0764,0.1525,0.6,16.3,50.6,32.4,6.5,43.6,41.5,8.4
OGLU2B-01-1_2271_cp_masks.png,414,0.113,0.2018,5.1,37.9,41.8,15.2,20.5,59.9,17.5,2.1
OGLU2B-01-2_2271_cp_masks.png,482,0.1066,0.202,5.0,35.9,45.0,14.1,20.2,58.7,19.3,1.8
OGLU2B-01-3_2271_cp_masks.png,739,0.0726,0.1718,2.2,14.6,46.1,37.1,17.3,38.2,35.7,8.8
OGLU2B-01-4_2271_cp_masks.png,672,0.0734,0.1727,1.5,18.6,45.5,34.4,11.0,50.1,31.0,7.9
OGLU2B-01-5_2271_cp_masks.png,409,0.1194,0.216,6.8,40.1,36.9,16.1,26.4,56.5,15.1,2.0
OGLU2B-02-1_2271_cp_masks.png,587,0.103,0.1526,0.3,34.8,48.7,16.2,1.6,65.1,30.4,3.0
OGLU2B-02-2_2271_cp_masks.png,749,0.0848,0.1507,0.8,19.5,51.5,28.2,5.7,46.4,41.2,6.7
OGLU2B-02-3_2271_cp_masks.png,471,0.1159,0.1869,3.8,39.9,42.0,14.2,15.0,62.8,20.3,1.9
OGLU2B-02-4_2271_cp_masks.png,675,0.0934,0.1503,1.0,24.0,53.9,21.0,6.0,50.6,39.0,4.5
OGLU2B-02-5_2271_cp_masks.png,888,0.0723,0.1373,0.6,14.5,47.6,37.3,4.6,41.6,43.1,10.7
OGLU2B-03-1_2271_cp_masks.png,359,0.1103,0.2408,9.5,33.7,31.2,25.6,37.4,48.5,11.3,2.8
OGLU2B-03-2_2271_cp_masks.png,623,0.0857,0.1706,1.3,20.9,56.3,21.5,10.3,46.7,38.2,4.7
OGLU2B-03-3_2271_cp_masks.png,483,0.1025,0.2099,4.3,30.8,45.8,19.0,23.3,50.6,23.6,2.5
OGLU2B-03-4_2271_cp_masks.png,615,0.0755,0.1946,2.4,17.6,48.0,32.0,18.2,44.4,30.4,7.1
OGLU2B-03-5_2271_cp_masks.png,558,0.076,0.2082,4.3,16.3,42.1,37.3,29.5,37.0,26.7,6.9
OGLU3B-01-1_2271_cp_masks.png,1089,0.0755,0.1116,0.0,7.8,63.9,28.3,0.0,23.6,66.7,9.7
OGLU3B-01-2_2271_cp_masks.png,852,0.0835,0.123,0.1,14.3,63.4,22.2,1.0,35.9,56.9,6.2
OGLU3B-01-3_2271_cp_masks.png,1060,0.0821,0.1091,0.0,9.2,67.5,23.3,0.0,23.6,68.7,7.7
OGLU3B-01-4_2271_cp_masks.png,956,0.0883,0.1119,0.0,12.7,66.0,21.3,0.0,28.5,65.3,6.1
OGLU3B-01-5_2271_cp_masks.png,1031,0.0824,0.1105,0.0,10.3,66.0,23.8,0.0,25.4,67.0,7.6
RGLL03-01-1_2271_cp_masks.png,438,0.1235,0.1657,1.6,47.5,46.6,4.3,6.0,68.6,24.8,0.6
RGLL03-01-2_2271_cp_masks.png,473,0.1018,0.1405,0.0,25.4,62.2,12.5,0.0,51.4,46.2,2.5
RGLL03-01-3_2271_cp_masks.png,645,0.0798,0.1343,0.5,10.9,65.0,23.7,4.5,31.9,56.9,6.7
RGLL03-01-4_2271_cp_masks.png,402,0.1129,0.1622,0.5,38.1,47.5,13.9,2.2,67.0,28.6,2.2
RGLL03-01-5_2271_cp_masks.png,395,0.1267,0.1849,2.8,49.4,41.3,6.6,11.5,67.1,20.5,0.9
RGLL03-02-1_2271_cp_masks.png,430,0.1059,0.1725,1.4,34.7,49.3,14.7,8.1,61.1,28.4,2.4
RGLL03-02-2_2271_cp_masks.png,523,0.0853,0.1519,1.0,14.1,60.8,24.1,7.6,37.5,49.3,5.6
RGLL03-02-3_2271_cp_masks.png,613,0.0879,0.1357,0.3,18.3,61.5,19.9,2.5,42.5,50.1,4.9
RGLL03-02-4_2271_cp_masks.png,580,0.091,0.1387,0.3,21.0,61.0,17.6,2.0,47.2,46.9,3.9
RGLL03-02-5_2271_cp_masks.png,539,0.0898,0.1451,0.9,18.9,62.2,18.0,6.2,41.6,47.9,4.3
RGLL03-03-1_2271_cp_masks.png,590,0.0917,0.154,1.2,20.0,64.9,13.9,7.8,43.7,45.6,3.0
RGLL03-03-2_2271_cp_masks.png,466,0.1112,0.1884,2.8,34.5,52.4,10.3,14.9,55.1,28.4,1.7
RGLL03-03-3_2271_cp_masks.png,469,0.0945,0.1725,1.9,26.9,54.4,16.8,11.2,53.2,32.6,3.0
RGLL03-03-4_2271_cp_masks.png,605,0.0924,0.1456,0.8,18.8,64.6,15.7,5.5,41.4,49.7,3.4
RGLL03-03-5_2271_cp_masks.png,550,0.0981,0.1665,2.4,26.0,59.1,12.5,13.4,47.1,37.1,2.4
RGLU05-01-1_2271_cp_masks.png,917,0.0774,0.1223,0.2,10.0,64.1,25.6,1.9,29.5,59.8,8.7
RGLU05-01-2_2271_cp_masks.png,941,0.0765,0.1055,0.1,4.8,67.3,27.8,1.2,15.0,73.8,10.0
RGLU05-01-3_2271_cp_masks.png,900,0.0772,0.1133,0.1,6.1,66.3,27.4,1.5,19.3,70.1,9.2
RGLU05-01-4_2271_cp_masks.png,926,0.0855,0.1142,0.0,10.3,69.8,20.0,0.0,26.0,67.7,6.2
RGLU05-01-5_2271_cp_masks.png,886,0.0828,0.1359,0.7,9.6,69.8,20.0,5.4,27.4,61.5,5.7
RGLU05-02-1_2271_cp_masks.png,872,0.0829,0.1358,0.7,9.4,69.6,20.3,5.5,27.1,61.6,5.8
RGLU05-02-2_2271_cp_masks.png,844,0.0782,0.12,0.2,8.6,64.3,26.8,2.2,25.9,63.7,8.2
RGLU05-02-3_2271_cp_masks.png,766,0.0819,0.132,0.7,10.4,61.6,27.3,5.6,28.7,58.1,7.6
RGLU05-02-4_2271_cp_masks.png,762,0.075,0.1142,0.0,7.7,60.6,31.6,0.0,25.1,64.4,10.5
RGLU05-02-5_2271_cp_masks.png,727,0.0843,0.1367,0.6,11.0,68.8,19.7,4.2,32.1,58.4,5.3
RGLU06-01-1_2271_cp_masks.png,455,0.074,0.2475,3.1,13.6,47.3,36.0,29.1,31.9,31.4,7.7
RGLU06-01-2_2271_cp_masks.png,211,0.1522,0.296,22.7,37.9,28.0,11.4,61.9,31.3,6.1,0.7
RGLU06-01-3_2271_cp_masks.png,549,0.0725,0.2003,2.9,12.0,46.4,38.6,27.1,30.1,33.7,9.1
RGLU06-01-4_2271_cp_masks.png,597,0.0755,0.1738,1.2,9.9,56.6,32.3,14.7,27.4,48.9,9.0
RGLU06-01-5_2271_cp_masks.png,691,0.0657,0.1699,1.2,7.5,46.7,44.6,16.1,23.9,45.5,14.5
RGLU06-02-1_2271_cp_masks.png,273,0.1299,0.2882,15.0,37.4,39.2,8.4,51.6,36.7,11.0,0.7
RGLU06-02-2_2271_cp_masks.png,578,0.0553,0.2822,4.5,9.2,27.7,58.7,45.9,26.9,17.1,10.1
RGLU06-02-3_2271_cp_masks.png,285,0.1218,0.2779,14.7,33.7,40.4,11.2,51.6,35.9,11.5,1.0
RGLU06-02-4_2271_cp_masks.png,1047,0.0704,0.1016,0.0,4.3,56.9,38.8,0.0,15.1,69.7,15.2
RGLU06-02-5_2271_cp_masks.png,303,0.1244,0.2804,14.5,35.0,33.7,16.8,51.5,37.5,9.7,1.3
RGLU06-03-1_2271_cp_masks.png,268,0.1131,0.2309,9.0,36.2,31.3,23.5,34.0,52.4,11.3,2.2
RGLU06-03-2_2271_cp_masks.png,181,0.1936,0.2577,25.4,45.3,19.9,9.4,52.3,42.9,4.3,0.6
RGLU06-03-3_2271_cp_masks.png,204,0.183,0.2597,24.5,45.6,23.0,6.9,53.9,40.6,5.1,0.4
RGLU06-03-4_2271_cp_masks.png,229,0.1564,0.233,12.7,50.2,27.9,9.2,35.4,56.3,7.6,0.7
RGLU06-03-5_2271_cp_masks.png,224,0.1659,0.2567,17.0,49.6,27.2,6.2,44.3,47.7,7.6,0.4
RGLU06-04-1_2271_cp_masks.png,414,0.0686,0.2593,8.9,17.6,30.2,43.2,48.6,33.2,12.5,5.7
RGLU06-04-2_2271_cp_masks.png,536,0.0683,0.2534,4.5,10.8,41.4,43.3,39.2,27.4,25.5,8.0
RGLU06-04-3_2271_cp_masks.png,1254,0.0513,0.1126,0.1,4.3,27.8,67.8,1.3,25.3,43.3,30.1
RGLU06-04-4_2271_cp_masks.png,791,0.0633,0.1635,0.3,11.9,39.3,48.5,4.6,45.0,36.2,14.2
RGLU06-04-5_2271_cp_masks.png,756,0.0671,0.1407,0.4,9.0,47.0,43.7,5.5,31.9,48.4,14.2
RGLU06-05-1_2271_cp_masks.png,243,0.1443,0.2274,10.3,51.9,28.4,9.5,30.5,59.3,9.4,0.8
RGLU06-05-2_2271_cp_masks.png,274,0.1379,0.2053,5.5,49.6,27.0,17.9,17.7,70.1,10.6,1.6
RGLU06-05-3_2271_cp_masks.png,263,0.154,0.2294,13.3,54.0,24.3,8.4,34.3,58.5,6.5,0.7
RGLU06-05-4_2271_cp_masks.png,223,0.1787,0.2554,16.6,55.6,19.7,8.1,40.6,54.3,4.5,0.5
RGLU06-05-5_2271_cp_masks.png,251,0.1587,0.2124,7.6,58.6,25.9,8.0,19.8,71.0,8.5,0.7
RGLU06-06-1_2271_cp_masks.png,852,0.0563,0.1949,1.3,7.4,32.9,58.5,19.9,28.5,34.2,17.4
RGLU06-06-2_2271_cp_masks.png,877,0.0511,0.2029,0.9,6.8,27.0,65.2,18.4,31.1,30.4,20.0
RGLU06-06-3_2271_cp_masks.png,876,0.0577,0.1818,1.3,6.2,36.5,56.1,18.8,25.3,38.7,17.2
RGLU06-06-4_2271_cp_masks.png,895,0.0551,0.1345,0.3,4.4,33.4,61.9,5.9,23.7,44.6,25.8
RGLU06-06-5_2271_cp_masks.png,876,0.0528,0.2561,1.1,4.3,30.5,64.0,27.8,18.9,32.5,20.8
